{"cameraMode":{"drawMode":0,"name":"Shaded","section":"Shading Mode"},"sceneLighting":true,"audioPlay":false,"sceneViewState":{"m_AlwaysRefresh":false,"showFog":true,"showSkybox":true,"showFlares":true,"showImageEffects":true,"showParticleSystems":true,"showVisualEffectGraphs":true,"m_FxEnabled":true},"in2DMode":false,"pivot":{"x":-1.615870475769043,"y":-0.2848883867263794,"z":3.652405261993408},"rotation":{"x":-0.24510392546653748,"y":0.47169381380081179,"z":-0.13842758536338807,"w":-0.8357868194580078},"size":12.333523750305176,"orthographic":false}